RowName,SettlementName,SettlementType,TerritoryName,TerritoryType,Population,MapX,MapY,LocalProduction,LocalNeeds,BaseTariff,ConnectedSettlements
London,London,CapitalCity,Kingdom of England,England_Crown,80000,180,430,"Wool,Cloth,Tools,Weapons","Wine,Spices,Grain,Timber",0.02,"Dover,Norwich,York,Southampton,Calais"
Paris,Paris,CapitalCity,Île-de-France,France_Royal,200000,240,485,"Bread,Wine,Garments,Tools,Weapons","Grain,Timber,Spices,Silk,Meat",0.01,"Rouen,Orléans,Reims,Amiens,Lyon"
Venezia,Venezia,MajorCity,Republic of Venice,Italy_Republic,100000,540,545,"VenetianGlass,Silk,Spices,Ships","Grain,Timber,Iron,Salt",0.01,"Milano,Firenze,Genova,Trieste,Split"
Roma,Roma,MajorCity,Papal States,Italy_Papal,50000,440,600,"Wine,Garments,Silverware","Grain,Meat,Timber,Wine",0.02,"Firenze,Napoli,Siena"
München,München,City,Bavaria,HRE_Duchy,15000,450,495,"Grain,Beer,Leather","Wine,Salt,Iron,Cloth",0.03,"Augsburg,Regensburg,Salzburg,Innsbruck"
Wien,Wien,MajorCity,Archduchy of Austria,HRE_Duchy,25000,510,495,"IronBars,Salt,Wine,Weapons","Grain,Timber,Cloth,Leather",0.03,"Praha,Salzburg,Buda,Bratislava"
Praha,Praha,MajorCity,Kingdom of Bohemia,HRE_Duchy,40000,470,480,"SilverIngots,Glass,Beer,Weapons","Grain,Timber,Wine,Cloth",0.03,"Wien,Dresden,Nürnberg,Brno"
Köln,Köln,City,Archbishopric of Cologne,HRE_Bishopric,30000,310,450,"Cloth,Wine,Tools","Grain,Wool,Timber,Iron",0.02,"Frankfurt,Aachen,Mainz,Trier"
Frankfurt,Frankfurt,City,Free City of Frankfurt,HRE_FreeCity,10000,350,480,"Tools,Garments,Beer","Grain,Timber,Leather,Wine",0.01,"Köln,Mainz,Nürnberg,Erfurt"
Nürnberg,Nürnberg,City,Free City of Nürnberg,HRE_FreeCity,20000,400,490,"Weapons,Armor,Tools,Garments","Iron,Grain,Timber,Leather",0.01,"München,Augsburg,Regensburg,Praha,Frankfurt"
Augsburg,Augsburg,City,Free City of Augsburg,HRE_FreeCity,18000,420,500,"Cloth,Garments,Silverware,Tools","Grain,Wool,Iron,Timber",0.01,"München,Nürnberg,Ulm,Innsbruck"
Hamburg,Hamburg,City,Free City of Hamburg,HRE_FreeCity,16000,390,390,"Herring,Beer,Ships,Cloth","Grain,Timber,Salt,Iron",0.02,"Lübeck,Bremen,Hannover"
Lübeck,Lübeck,City,Free City of Lübeck,HRE_FreeCity,25000,400,380,"Herring,Amber,Ships,Beer","Grain,Timber,Salt,Cloth",0.02,"Hamburg,Rostock,Danzig,Stockholm"
Bremen,Bremen,City,Free City of Bremen,HRE_FreeCity,12000,360,395,"Beer,Ships,Cloth","Grain,Timber,Herring,Salt",0.02,"Hamburg,Hannover,Groningen"
Bruges,Bruges,MajorCity,County of Flanders,HRE_Duchy,45000,270,430,"Cloth,LuxuryCloth,Beer,Garments","Wool,Grain,Wine,Spices",0.02,"Ghent,Antwerp,Ypres,Calais,London"
Ghent,Ghent,City,County of Flanders,HRE_Duchy,50000,280,435,"Cloth,LuxuryCloth,Garments","Wool,Grain,Wine,Dyes",0.02,"Bruges,Antwerp,Brussels"
Antwerp,Antwerp,City,Duchy of Brabant,HRE_Duchy,30000,285,440,"Cloth,Ships,Beer","Wool,Grain,Timber,Spices",0.02,"Bruges,Ghent,Brussels,Rotterdam"
Lyon,Lyon,MajorCity,Kingdom of France,France_Royal,35000,280,540,"Silk,Weapons,Wine,Garments","Grain,RawSilk,Iron,Timber",0.02,"Paris,Marseille,Geneva,Dijon"
Marseille,Marseille,City,Provence,France_Duchy,28000,300,580,"OliveOil,Fish,Wine,Ships","Grain,Timber,Cloth,Spices",0.02,"Lyon,Avignon,Barcelona,Genova"
Bordeaux,Bordeaux,City,Duchy of Aquitaine,France_Duchy,30000,200,550,"Wine,Ships,Salt","Grain,Timber,Cloth,Fish",0.03,"Paris,Toulouse,Nantes,London"
Toulouse,Toulouse,City,County of Toulouse,France_Duchy,25000,240,580,"Wine,Grain,Cloth","Timber,Iron,Salt,Wool",0.02,"Bordeaux,Marseille,Barcelona"
Milano,Milano,MajorCity,Duchy of Milan,Italy_Duchy,100000,380,545,"Silk,Armor,Weapons,Garments","Grain,Iron,Timber,RawSilk",0.02,"Venezia,Genova,Firenze,Como"
Genova,Genova,MajorCity,Republic of Genoa,Italy_Republic,80000,360,560,"Ships,Cloth,Weapons,Silverware","Grain,Timber,Iron,Wool",0.01,"Milano,Venezia,Marseille,Barcelona"
Firenze,Firenze,MajorCity,Republic of Florence,Italy_Republic,60000,400,570,"Cloth,Garments,Silverware,Wine","Wool,Grain,Timber,Dyes",0.01,"Roma,Venezia,Milano,Siena,Pisa"
Napoli,Napoli,City,Kingdom of Naples,Italy_Kingdom,50000,480,620,"Wine,OliveOil,Fish,Grain","Timber,Cloth,Weapons,Iron",0.02,"Roma,Palermo,Bari"
Barcelona,Barcelona,MajorCity,Crown of Aragon,Aragon_Crown,35000,240,610,"Ships,Cloth,Wine,Weapons","Grain,Timber,Wool,Spices",0.02,"Toulouse,Marseille,Valencia,Genova"
Valencia,Valencia,City,Crown of Aragon,Aragon_Crown,25000,210,620,"Rice,OliveOil,Wine,Silk","Grain,Timber,Cloth,Iron",0.02,"Barcelona,Zaragoza,Murcia"
Sevilla,Sevilla,City,Crown of Castile,Castile_Crown,40000,180,640,"OliveOil,Wine,Ships,Weapons","Grain,Timber,Cloth,Wool",0.02,"Córdoba,Lisboa,Granada"
Toledo,Toledo,City,Crown of Castile,Castile_Crown,30000,190,615,"Weapons,Armor,Silverware,Cloth","Grain,Iron,Timber,Wool",0.02,"Madrid,Sevilla,Córdoba"
Lisboa,Lisboa,City,Kingdom of Portugal,Portugal_Kingdom,25000,150,640,"Ships,Wine,Fish,Salt","Grain,Timber,Cloth,Weapons",0.02,"Sevilla,Porto,Coimbra"
Kraków,Kraków,City,Kingdom of Poland,Poland_Kingdom,20000,570,480,"Salt,Grain,Cloth,Silverware","Timber,Iron,Wine,Wool",0.03,"Wrocław,Danzig,Buda,Lviv"
Danzig,Danzig,City,Teutonic Order,HRE_Duchy,15000,530,395,"Grain,Amber,Timber,Ships","Salt,Cloth,Iron,Beer",0.02,"Lübeck,Kraków,Königsberg,Riga"
Buda,Buda,City,Kingdom of Hungary,Hungary_Kingdom,25000,540,520,"Copper,Gold,Wine,Grain","Timber,Cloth,Salt,Iron",0.03,"Wien,Kraków,Belgrade,Bratislava"
Stockholm,Stockholm,City,Kingdom of Sweden,Sweden_Kingdom,10000,530,320,"Iron,Copper,Timber,Furs","Grain,Salt,Cloth,Beer",0.03,"Lübeck,Visby,Oslo,Riga"
København,København,City,Kingdom of Denmark,Denmark_Kingdom,12000,440,360,"Herring,Grain,Ships","Timber,Cloth,Salt,Iron",0.03,"Lübeck,Hamburg,Malmö,Oslo"
Rouen,Rouen,City,Duchy of Normandy,France_Royal,30000,230,470,"Cloth,Ships,Garments,Beer","Wool,Grain,Timber,Wine",0.02,"Paris,Caen,Amiens,Le Havre"
Reims,Reims,City,Champagne,France_Royal,18000,265,475,"Wine,Cloth,Grain","Timber,Wool,Salt,Iron",0.02,"Paris,Troyes,Châlons,Amiens"
Dijon,Dijon,City,Duchy of Burgundy,France_Duchy,15000,290,510,"Wine,Grain,Cloth","Timber,Salt,Iron,Leather",0.03,"Lyon,Paris,Troyes,Geneva"
Strasbourg,Strasbourg,City,Free City of Strasbourg,HRE_FreeCity,18000,330,500,"Wine,Cloth,Tools,Grain","Timber,Iron,Wool,Salt",0.01,"Basel,Freiburg,Mainz,Metz"
Basel,Basel,City,Basel,HRE_FreeCity,10000,340,515,"Cloth,Tools,Silverware","Grain,Timber,Wine,Iron",0.01,"Strasbourg,Zürich,Freiburg,Bern"
Zürich,Zürich,City,Zürich,HRE_FreeCity,8000,355,520,"Cloth,Garments,Tools,Cheese","Grain,Timber,Wine,Salt",0.01,"Basel,Konstanz,Bern,Como"
Geneva,Geneva,Town,Geneva,HRE_FreeCity,7000,310,530,"Cloth,Tools,Wine","Grain,Timber,Salt,Iron",0.02,"Lyon,Lausanne,Bern"
Innsbruck,Innsbruck,Town,County of Tyrol,HRE_Duchy,5000,430,520,"Silver,Iron,Salt","Grain,Timber,Cloth,Wine",0.03,"München,Augsburg,Salzburg,Verona"
Salzburg,Salzburg,City,Archbishopric of Salzburg,HRE_Bishopric,12000,465,505,"Salt,Iron,Grain","Timber,Cloth,Wine,Leather",0.03,"München,Wien,Innsbruck,Linz"
Regensburg,Regensburg,City,Free City of Regensburg,HRE_FreeCity,12000,445,485,"Cloth,Beer,Tools,Grain","Timber,Iron,Wine,Salt",0.01,"München,Nürnberg,Passau,Linz"
Dresden,Dresden,City,Margraviate of Meissen,HRE_Duchy,8000,470,440,"Silver,Cloth,Tools","Grain,Timber,Wine,Iron",0.03,"Praha,Leipzig,Breslau"
Leipzig,Leipzig,City,Margraviate of Meissen,HRE_Duchy,10000,445,430,"Cloth,Beer,Tools,Grain","Timber,Iron,Wine,Leather",0.03,"Dresden,Erfurt,Magdeburg,Halle"
Erfurt,Erfurt,City,Mainz,HRE_Bishopric,12000,405,445,"Grain,Beer,Cloth","Timber,Iron,Wine,Salt",0.03,"Frankfurt,Leipzig,Nürnberg,Eisenach"
Magdeburg,Magdeburg,City,Archbishopric of Magdeburg,HRE_Bishopric,15000,420,410,"Grain,Beer,Tools,Cloth","Timber,Iron,Salt,Leather",0.03,"Leipzig,Berlin,Hannover,Halle"
Berlin,Berlin,Town,Margraviate of Brandenburg,HRE_Duchy,6000,470,410,"Grain,Beer,Cloth","Timber,Iron,Salt,Leather",0.03,"Magdeburg,Frankfurt-Oder,Stettin"
Hannover,Hannover,Town,Duchy of Brunswick-Lüneburg,HRE_Duchy,7000,375,405,"Grain,Beer,Cloth","Timber,Iron,Salt,Leather",0.03,"Hamburg,Bremen,Magdeburg,Hildesheim"
Mainz,Mainz,City,Archbishopric of Mainz,HRE_Bishopric,14000,340,470,"Wine,Cloth,Tools,Silverware","Grain,Timber,Wool,Iron",0.03,"Frankfurt,Köln,Strasbourg,Worms"
Trier,Trier,City,Archbishopric of Trier,HRE_Bishopric,10000,310,470,"Wine,Cloth,Tools","Grain,Timber,Iron,Salt",0.03,"Köln,Metz,Koblenz,Luxembourg"
Metz,Metz,City,Bishopric of Metz,HRE_Bishopric,12000,305,485,"Iron,Cloth,Tools","Grain,Timber,Wine,Salt",0.03,"Trier,Strasbourg,Nancy,Verdun"
Ulm,Ulm,City,Free City of Ulm,HRE_FreeCity,10000,405,505,"Cloth,Tools,Grain","Timber,Iron,Wine,Salt",0.01,"Augsburg,Stuttgart,Konstanz"
Stuttgart,Stuttgart,City,County of Württemberg,HRE_Duchy,8000,370,505,"Wine,Grain,Cloth","Timber,Iron,Salt,Leather",0.03,"Ulm,Strasbourg,Freiburg,Tübingen"
Konstanz,Konstanz,City,Bishopric of Konstanz,HRE_Bishopric,6000,375,525,"Fish,Cloth,Tools","Grain,Timber,Wine,Iron",0.03,"Zürich,Ulm,Freiburg,St.Gallen"
Freiburg,Freiburg,Town,Austria,HRE_Duchy,8500,340,495,"Timber,Planks,Charcoal,Tools","Grain,Salt,Iron,Cloth",0.03,"Basel,Strasbourg,Stuttgart,Konstanz"
Breslau,Breslau,City,Duchy of Silesia,HRE_Duchy,18000,515,445,"Grain,Cloth,Beer,Tools","Timber,Iron,Salt,Wine",0.03,"Praha,Dresden,Kraków,Glogau"
Trieste,Trieste,Town,Austria,HRE_Duchy,5000,465,550,"Fish,Salt,Ships","Grain,Timber,Cloth,Wine",0.03,"Venezia,Rijeka,Ljubljana"
York,York,City,Kingdom of England,England_Crown,13000,185,415,"Wool,Cloth,Leather,Tools","Grain,Wine,Timber,Iron",0.02,"London,Lincoln,Durham,Leeds"
Norwich,Norwich,City,Kingdom of England,England_Crown,12000,205,425,"Wool,Cloth,Grain","Timber,Wine,Iron,Salt",0.02,"London,Cambridge,Ipswich,Lynn"
Bristol,Bristol,City,Kingdom of England,England_Crown,10000,160,445,"Cloth,Ships,Wine,Fish","Wool,Grain,Timber,Iron",0.02,"London,Gloucester,Cardiff,Southampton"
Southampton,Southampton,City,Kingdom of England,England_Crown,8000,175,450,"Ships,Cloth,Fish,Salt","Grain,Timber,Wool,Iron",0.02,"London,Portsmouth,Winchester,Bristol"
Dover,Dover,Town,Kingdom of England,England_Crown,4000,200,440,"Fish,Ships,Wool","Grain,Timber,Cloth,Salt",0.02,"London,Canterbury,Calais"
Calais,Calais,City,Kingdom of England,England_Crown,12000,250,445,"Wool,Cloth,Fish","Grain,Wine,Timber,Iron",0.02,"Dover,Bruges,Boulogne,London"
Canterbury,Canterbury,City,Kingdom of England,England_Crown,7000,195,435,"Wool,Cloth,Grain","Timber,Wine,Iron,Fish",0.02,"Dover,London,Rochester"
Oxford,Oxford,Town,Kingdom of England,England_Crown,5000,170,440,"Cloth,Grain,Leather","Timber,Wine,Iron,Wool",0.02,"London,Gloucester,Reading"
Cambridge,Cambridge,Town,Kingdom of England,England_Crown,6000,210,430,"Grain,Cloth,Wool","Timber,Wine,Iron,Fish",0.02,"Norwich,London,Ely"
Orléans,Orléans,City,Duchy of Orléans,France_Royal,20000,250,500,"Wine,Grain,Cloth","Timber,Iron,Salt,Leather",0.02,"Paris,Tours,Bourges,Blois"
Tours,Tours,City,Touraine,France_Royal,15000,235,495,"Wine,Grain,Cloth,Silk","Timber,Iron,Salt,Leather",0.02,"Orléans,Angers,Poitiers,Bourges"
Amiens,Amiens,City,Picardy,France_Royal,18000,255,460,"Cloth,Grain,Tools","Timber,Wine,Iron,Wool",0.02,"Paris,Rouen,Reims,Arras"
Troyes,Troyes,City,Champagne,France_Royal,16000,275,490,"Cloth,Wine,Grain,Garments","Timber,Wool,Iron,Salt",0.02,"Paris,Reims,Dijon,Sens"
Bourges,Bourges,City,Berry,France_Royal,12000,260,510,"Grain,Wine,Cloth","Timber,Iron,Salt,Leather",0.02,"Orléans,Tours,Limoges,Nevers"
Nantes,Nantes,City,Duchy of Brittany,France_Duchy,18000,210,500,"Ships,Fish,Salt,Cloth","Grain,Timber,Wine,Iron",0.03,"Bordeaux,Rennes,Angers,La Rochelle"
Rennes,Rennes,City,Duchy of Brittany,France_Duchy,12000,220,490,"Grain,Cloth,Linen","Timber,Wine,Salt,Iron",0.03,"Nantes,Brest,St.Malo,Angers"
Avignon,Avignon,City,Papal States,Italy_Papal,25000,285,565,"Wine,Grain,Cloth,Silverware","Timber,Iron,Salt,Spices",0.02,"Marseille,Lyon,Montpellier,Arles"
Montpellier,Montpellier,City,Kingdom of France,France_Royal,20000,275,580,"Wine,Cloth,Spices,Medicine","Grain,Timber,Salt,Iron",0.02,"Avignon,Toulouse,Narbonne,Marseille"
Pisa,Pisa,City,Republic of Pisa,Italy_Republic,15000,390,575,"Ships,Marble,Cloth","Grain,Timber,Iron,Wine",0.02,"Firenze,Genova,Livorno,Lucca"
Siena,Siena,City,Republic of Siena,Italy_Republic,18000,410,580,"Wine,Cloth,Silverware,Grain","Timber,Iron,Salt,Wool",0.02,"Firenze,Roma,Perugia,Arezzo"
Verona,Verona,City,Scaliger,Italy_Duchy,25000,410,540,"Cloth,Wine,Marble,Garments","Grain,Timber,Iron,Wool",0.02,"Venezia,Milano,Mantua,Trento"
Bologna,Bologna,City,Papal States,Italy_Papal,30000,420,560,"Silk,Garments,Tools,Wine","Grain,Timber,RawSilk,Iron",0.02,"Firenze,Venezia,Ferrara,Modena"
Palermo,Palermo,City,Kingdom of Sicily,Italy_Kingdom,40000,470,660,"Grain,Wine,Citrus,Fish","Timber,Cloth,Iron,Salt",0.02,"Napoli,Messina,Catania,Trapani"
Granada,Granada,City,Emirate of Granada,Granada_Kingdom,50000,180,655,"Silk,Spices,Citrus,Weapons","Grain,Timber,Iron,Cloth",0.03,"Sevilla,Málaga,Almería,Córdoba"
Córdoba,Córdoba,City,Crown of Castile,Castile_Crown,20000,185,645,"Leather,Weapons,Grain,OliveOil","Timber,Cloth,Iron,Salt",0.02,"Sevilla,Toledo,Granada,Jaén"
Zaragoza,Zaragoza,City,Crown of Aragon,Aragon_Crown,15000,215,600,"Grain,Wine,Cloth","Timber,Iron,Salt,Wool",0.02,"Barcelona,Valencia,Pamplona,Lleida"
Porto,Porto,City,Kingdom of Portugal,Portugal_Kingdom,12000,145,620,"Wine,Ships,Fish,Cloth","Grain,Timber,Salt,Iron",0.02,"Lisboa,Braga,Coimbra,Vigo"
Riga,Riga,City,Livonian Order,HRE_Duchy,8000,590,340,"Timber,Amber,Furs,Grain","Cloth,Salt,Iron,Beer",0.02,"Lübeck,Danzig,Reval,Stockholm"
Königsberg,Königsberg,City,Teutonic Order,HRE_Duchy,10000,570,380,"Amber,Grain,Timber,Fish","Cloth,Salt,Iron,Beer",0.02,"Danzig,Marienburg,Riga,Memel"
Visby,Visby,Town,Kingdom of Sweden,Sweden_Kingdom,4000,530,350,"Herring,Amber,Furs","Grain,Cloth,Salt,Timber",0.02,"Lübeck,Stockholm,Riga,Reval"
Oslo,Oslo,Town,Kingdom of Norway,Norway_Kingdom,5000,395,335,"Timber,Fish,Furs,Iron","Grain,Cloth,Salt,Beer",0.03,"Bergen,Stockholm,København,Tønsberg"
Bergen,Bergen,City,Kingdom of Norway,Norway_Kingdom,7000,310,320,"Fish,Timber,Furs,Ships","Grain,Cloth,Salt,Beer",0.03,"Oslo,Stavanger,Aberdeen,Lübeck"
Bratislava,Bratislava,Town,Kingdom of Hungary,Hungary_Kingdom,6000,520,500,"Wine,Grain,Cloth","Timber,Iron,Salt,Leather",0.03,"Wien,Buda,Győr,Trnava"
Lviv,Lviv,Town,Kingdom of Poland,Poland_Kingdom,8000,605,490,"Furs,Timber,Grain,Amber","Cloth,Salt,Wine,Iron",0.03,"Kraków,Kiev,Brest,Przemyśl"
Rostock,Rostock,City,Duchy of Mecklenburg,HRE_Duchy,12000,440,380,"Herring,Beer,Ships,Grain","Timber,Cloth,Salt,Iron",0.02,"Lübeck,Stralsund,Wismar,Greifswald"
Stettin,Stettin,Town,Duchy of Pomerania,HRE_Duchy,7000,480,390,"Grain,Fish,Timber","Cloth,Salt,Iron,Beer",0.03,"Berlin,Danzig,Stralsund,Greifswald"
